[
    {
        "data": [
            {
                "allowDdcCi": true,
                "allowSdrSoftwareBrightness": true,
                "autoRotation": "InTabletMode",
                "brightness": 1,
                "colorPowerTradeoff": "PreferEfficiency",
                "colorProfileSource": "sRGB",
                "connectorName": "Virtual-1",
                "detectedDdcCi": false,
                "edrPolicy": "always",
                "highDynamicRange": false,
                "iccProfilePath": "",
                "maxBitsPerColor": 0,
                "mode": {
                    "height": 800,
                    "refreshRate": 60000,
                    "width": 1280
                },
                "overscan": 0,
                "rgbRange": "Automatic",
                "scale": 1,
                "sdrBrightness": 200,
                "sdrGamutWideness": 0,
                "transform": "Normal",
                "uuid": "34772025-e501-47bc-b851-7828b2745f37",
                "vrrPolicy": "Never",
                "wideColorGamut": false
            }
        ],
        "name": "outputs"
    },
    {
        "data": [
            {
                "lidClosed": false,
                "outputs": [
                    {
                        "enabled": true,
                        "outputIndex": 0,
                        "position": {
                            "x": 0,
                            "y": 0
                        },
                        "priority": 0,
                        "replicationSource": ""
                    }
                ]
            }
        ],
        "name": "setups"
    }
]
